{"r0NNvTjgKWLCJdqWSWwo8A==":"logomain-2000x1333.jpg","Eye/LQWrgFa3MOsrTMuUiA==":"mbr-192x128.jpg","5HBRdFPJk1PInc4QD48LBg==":"logomain-122x81.png","VrDupiwU9+EeECJhXHi41g==":"vehicle-wrapweb-960x400.png","+PSZCRLrYR26JJty3KupbQ==":"vehicle-wrapweb-1-960x400.png","ihlkf69UyfSmhSyJ1Jvc6w==":"jumbotron.jpg","fw1F0ehdy1UVcdB2/CTzlg==":"billboard%20logo-1000x550.jpg","m7rCkHL0OufonEPXG725Dw==":"soto%20head%20shot-510x510.jpg","WChkQNJrXTZSU5k3O9NH/A==":"sam%20head%20shot-510x642.jpg","BV89PuMXfoIa9Br06kuLOQ==":"gad%20head-510x510.jpg","vxb+2k81yrtqCHanIyif9Q==":"coming-soon-1754x1240.jpg","X6tMsdNDV6aE3ZrEN4n3GA==":"bnvn-2000x900.png","SmY6ZyJyJTUHW995vFz8Hg==":"gp-1754x1240.jpg","Pi47Ub85tw7Y7kCeI7ckcw==":"gp-1-1754x1240.jpg","/c1IAt+cPDt6sIl+boUHqg==":"north%20light-1920x1080.jpg","NABkP9i4t4mIGSpFn73WIA==":"background1.jpg","/JrgqcXM7IzHhuzsMQ+3bw==":"bnvn-1-2000x900.png","SIrGuLXe21KPWWrl+Y9e9A==":"window%20graphics%20-2000x1429.jpg","zochyBTr5mTmKVrSb2gxDA==":"car%20window-290x223.jpg","Wk/qxfZjfpde7Wvg2sBlbA==":"window-perferation-example-inside-internet-300x225.jpg","KrLbn6hUVPCyOI0Z9ZrnCg==":"blackovalonwhitedoor-2-smaller-573x1000.jpg","bEEXFyTuB4Sm0rjAVSFSYA==":"blackovalonwhitedoor-2-smaller-1-573x1000.jpg","nDLTnjeazKUleWDC0lTwJA==":"blackovalonwhitedoor-2-smaller-2-573x1000.jpg"}